Domain,Status,Attractiveness,Demand,Length,Sectors,Created,Expires,Registrar
brief.photos,available,124,19%,5,"Business,Education,General,Law",,,
complete.photos,available,120,21%,8,"Manufacturing,Retail,Technology",,,
second.photos,available,120,23%,6,"General,Mathematics",,,
wizard.photos,available,118,42%,6,"Entertainment,Media,Technology",,,
tenth.photos,available,116,7%,5,Mathematics,,,
flat.photos,resell,116,24%,4,"Construction,Real Estate",18/04/2025 15:15,18/04/2026 15:15,Domain Science Kutatási Szolgáltató Korlátolt Felelősségű Társaság
equal.photos,available,116,19%,5,"Education,General,Law",,,
tonic.photos,available,114,22%,5,"Health and Fitness,Medicine,Science",,,
above.photos,available,112,22%,5,Business,,,
acute.photos,available,112,9%,5,"Mathematics,Medicine,Science",,,
abiding.photos,available,106,5%,7,"General,Religion",,,
expert.photos,available,104,26%,6,"Business,Education,Technology",,,
active.photos,available,104,27%,6,"Health and Fitness,Sports,Travel",,,
absent.photos,available,102,8%,6,"Business,Education,Technology",,,
eighth.photos,available,100,6%,6,Mathematics,,,
sixth.photos,available,100,8%,5,Mathematics,,,
abrupt.photos,available,100,3%,6,"Medicine,Science",,,
crack.photos,available,100,20%,5,Sports,,,
third.photos,available,100,16%,5,Mathematics,,,
whiz.photos,available,100,12%,4,"Business,Education,Technology",,,
ninth.photos,available,100,9%,5,Mathematics,,,
adjunct.photos,available,100,5%,7,Education,,,
whizz.photos,available,98,11%,5,"Business,Education,Technology",,,
academic.photos,available,96,20%,8,"Education,Humanities,Science",,,
doable.photos,available,96,9%,6,"Business,Education,Technology",,,
forgiving.photos,available,96,3%,9,"Healthcare,Religion",,,
alamode.photos,available,96,12%,9,Fashion,,,
virtuoso.photos,available,94,16%,8,"Arts,Entertainment",,,
adequate.photos,available,94,9%,8,"Education,Healthcare,Technology",,,
around.photos,available,94,22%,6,"Business,General,Media,Technology",,,
about.photos,available,94,28%,5,"Business,General,Media,Technology",,,
abject.photos,available,94,7%,6,Humanities,,,
nought.photos,available,92,4%,6,Mathematics,,,
derelict.photos,available,92,7%,8,"Construction,Real Estate",,,
neutral.photos,available,92,20%,7,"Business,Media,Politics",,,
abroad.photos,available,92,12%,6,"Hospitality,Travel",,,
exemplary.photos,available,92,5%,9,"Business,Education,Healthcare",,,
twentieth.photos,available,92,3%,9,Mathematics,,,
adept.photos,available,92,24%,5,"Education,Health and Fitness,Sports",,,
next.photos,available,92,43%,4,"Retail,Technology,Transportation",,,
adjective.photos,available,92,5%,9,Education,,,
abortive.photos,available,90,1%,8,"Medicine,Science",,,
riveting.photos,available,90,6%,8,"Entertainment,Media,Technology",,,
gripping.photos,available,90,3%,8,"Entertainment,Media,Technology",,,
adoring.photos,available,90,2%,7,"Entertainment,Fashion,Retail",,,
endearing.photos,available,90,1%,9,"Entertainment,Fashion,Retail",,,
addictive.photos,available,90,9%,9,Healthcare,,,
additional.photos,available,90,8%,10,"Fashion,Retail,Technology",,,
leash.photos,available,90,7%,5,"General,Health and Fitness,Retail",,,
ace.photos,available,88,34%,3,Sports,,,
fifteen.photos,available,88,13%,7,Mathematics,,,
activist.photos,available,88,12%,8,"Humanities,Politics",,,
hundred.photos,available,88,14%,7,Mathematics,,,
actionable.photos,available,88,13%,10,"Business,Law",,,
eleven.photos,available,88,33%,6,Mathematics,,,
sixteen.photos,available,88,11%,7,Mathematics,,,
adlib.photos,available,88,7%,6,Entertainment,,,
proficient.photos,available,88,8%,10,"Education,Health and Fitness,Sports",,,
ten.photos,available,88,28%,3,"General,Mathematics",,,
twelve.photos,available,88,18%,6,"General,Mathematics",,,
recondite.photos,available,86,4%,9,"Arts,Humanities,Science",,,
attendant.photos,available,86,5%,9,"Healthcare,Hospitality,Transportation",,,
xix.photos,available,86,11%,3,Mathematics,,,
intent.photos,available,86,25%,6,"Business,Education,Technology",,,
aboriginal.photos,available,86,10%,10,Humanities,,,
cipher.photos,available,86,29%,6,Mathematics,,,
xiv.photos,available,86,12%,3,Mathematics,,,
engrossing.photos,available,86,0%,10,"Entertainment,Media,Technology",,,
extempore.photos,available,86,3%,9,Entertainment,,,
adolescent.photos,available,86,3%,10,"Education,Entertainment,Healthcare",,,
accessory.photos,available,84,8%,9,"Fashion,Retail,Technology",,,
adjustable.photos,available,84,3%,10,"Manufacturing,Retail,Technology",,,
grand.photos,available,84,25%,5,"Finance,General",,,
deviate.photos,available,84,12%,7,"Medicine,Science",,,
acting.photos,available,84,12%,6,Entertainment,,,
thousand.photos,available,84,8%,8,Mathematics,,,
nineteen.photos,available,84,8%,8,Mathematics,,,
twentytwo.photos,available,84,11%,10,Mathematics,,,
thirteen.photos,available,84,10%,8,Mathematics,,,
twentyone.photos,available,84,13%,10,Mathematics,,,
seventeen.photos,available,84,7%,9,Mathematics,,,
abdominal.photos,available,82,1%,9,"Health and Fitness,Medicine",,,
fivesome.photos,available,82,1%,8,Sports,,,
dozen.photos,available,82,10%,5,Mathematics,,,
decade.photos,available,82,10%,6,Mathematics,,,
cleansing.photos,available,82,3%,9,Health and Fitness,,,
abenaki.photos,available,82,2%,7,Geography,,,
abroach.photos,available,82,1%,7,Food and Beverage,,,
abkhaz.photos,available,82,1%,6,Geography,,,
absorbent.photos,available,82,3%,9,"Healthcare,Manufacturing,Retail",,,
enduring.photos,available,82,9%,8,"Health and Fitness,Religion",,,
forty.photos,available,80,9%,5,Mathematics,,,
two.photos,available,80,24%,3,Mathematics,,,
abundant.photos,available,80,19%,8,"Agriculture,Manufacturing,Retail",,,
dorsal.photos,available,80,6%,6,"Medicine,Science",,,
absorbable.photos,available,80,0%,10,"Healthcare,Pharmaceuticals,Science",,,
worshipful.photos,available,80,1%,10,"Education,Healthcare,Religion",,,
absurd.photos,available,80,16%,6,"Arts,Entertainment,Media",,,
adoptable.photos,available,80,3%,9,"Education,Healthcare",,,
absolute.photos,available,80,25%,8,"Engineering,Mathematics,Science",,,
capable.photos,available,80,12%,7,"Business,Education,Technology",,,
seventh.photos,available,80,10%,7,Mathematics,,,
twenty.photos,available,80,12%,6,Mathematics,,,
sequent.photos,available,80,7%,7,"Healthcare,Insurance,Transportation",,,
able.photos,available,80,29%,4,"Business,Education,General,Technology",,,
trio.photos,available,80,21%,4,Entertainment,,,
superstar.photos,available,80,18%,9,Entertainment,,,
yard.photos,available,80,26%,4,"Construction,General",,,
sixtynine.photos,available,78,8%,10,Mathematics,,,
abkhasian.photos,available,78,1%,9,Geography,,,
adrenal.photos,available,78,4%,7,"Education,Healthcare,Science",,,
absorptive.photos,available,78,1%,10,"Healthcare,Manufacturing,Retail",,,
accessible.photos,available,78,21%,10,"Healthcare,Retail,Technology",,,
adjacent.photos,available,78,9%,8,"Construction,Real Estate,Retail",,,
accepted.photos,available,78,6%,8,"Business,Education,Technology",,,
honestly.photos,available,78,9%,8,"Business,Law",,,
acceptant.photos,available,78,1%,9,"Education,Healthcare",,,
recognized.photos,available,78,3%,10,"Business,Education,Technology",,,
acceptable.photos,available,78,5%,10,"Business,Hospitality,Retail",,,
dormant.photos,available,78,4%,7,"Medicine,Science",,,
abkhazian.photos,available,78,1%,9,Geography,,,
adorable.photos,available,78,8%,8,"Entertainment,Fashion,Retail",,,
twentysix.photos,available,78,8%,10,Mathematics,,,
accurate.photos,available,78,16%,8,"Engineering,Mathematics,Science",,,
recognised.photos,available,78,3%,10,"Business,Education,Technology",,,
abounding.photos,available,78,2%,9,Agriculture,,,
low.photos,available,78,20%,3,"Business,Finance",,,
improvise.photos,available,76,4%,9,Entertainment,,,
threed.photos,available,76,7%,7,Technology,,,
firstrate.photos,available,76,6%,10,Business,,,
adipose.photos,available,76,2%,7,"Healthcare,Science",,,
auxiliary.photos,available,76,7%,9,"Healthcare,Manufacturing,Technology",,,
energizing.photos,available,76,3%,10,"Food and Beverage,Health and Fitness,Travel",,,
adaptable.photos,available,76,9%,9,"Business,Education,Technology",,,
fourteenth.photos,available,76,1%,10,Mathematics,,,
adherent.photos,available,76,4%,8,"Politics,Religion",,,
ventral.photos,available,76,3%,7,Science,,,
incidental.photos,available,76,4%,10,"Healthcare,Insurance,Transportation",,,
ague.photos,available,76,2%,4,"Geography,Medicine,Science",,,
abrasive.photos,available,76,6%,8,"Construction,Manufacturing",,,
diamond.photos,resell,76,32%,7,Fashion,07/07/2015 21:38,07/07/2026 21:38,"GoDaddy.com, LLC"
fifteenth.photos,available,76,2%,9,Mathematics,,,
eighteen.photos,available,76,7%,8,Mathematics,,,
adhesive.photos,available,76,7%,8,"Construction,Manufacturing,Technology",,,
nineteenth.photos,available,76,3%,10,Mathematics,,,
ancillary.photos,available,76,6%,9,"Healthcare,Manufacturing,Technology",,,
hundredth.photos,available,76,1%,9,Mathematics,,,
thirteenth.photos,available,76,4%,10,Mathematics,,,
obscene.photos,available,76,5%,7,"Entertainment,Media",,,
thousandth.photos,available,76,1%,10,Mathematics,,,
resultant.photos,available,76,2%,9,"Healthcare,Insurance,Transportation",,,
acoustic.photos,available,76,14%,8,Science,,,
addable.photos,available,76,2%,7,"Engineering,Mathematics,Science",,,
sensation.photos,available,74,7%,9,"Entertainment,Media,Sports",,,
adrenergic.photos,available,74,1%,10,"Education,Healthcare,Science",,,
aberrant.photos,available,74,6%,8,"Medicine,Science",,,
manageable.photos,available,74,4%,10,"Business,Education,Technology",,,
supra.photos,available,74,25%,5,"Medicine,Science",,,
accepting.photos,available,74,3%,9,"Education,Healthcare",,,
broad.photos,available,74,13%,5,"Entertainment,General,Media",,,
activated.photos,available,74,9%,9,"Healthcare,Manufacturing,Technology",,,
cleared.photos,available,74,7%,7,"Healthcare,Law,Transportation",,,
adamant.photos,available,74,14%,7,Religion,,,
adenoid.photos,available,74,1%,7,"Health and Fitness,Medicine,Science",,,
playing.photos,available,74,12%,7,Entertainment,,,
adapted.photos,available,74,6%,7,"Healthcare,Manufacturing,Technology",,,
abnormal.photos,available,74,16%,8,"Medicine,Science",,,
achievable.photos,available,74,4%,10,"Business,Education,Technology",,,
mavin.photos,available,74,7%,5,"Entertainment,Fashion,Technology",,,
realizable.photos,available,74,1%,10,"Business,Education,Technology",,,
acuate.photos,available,74,2%,6,"Engineering,Medicine,Science",,,
admirable.photos,available,74,5%,9,"Business,Education,Healthcare",,,
skilful.photos,available,74,3%,7,"Education,Health and Fitness,Sports",,,
single.photos,available,74,19%,6,Sports,,,
adiabatic.photos,available,72,3%,9,"Engineering,Science",,,
addicted.photos,available,72,9%,8,Healthcare,,,
absorbed.photos,available,72,2%,8,"Entertainment,Media,Technology",,,
adonic.photos,available,72,2%,6,"Arts,Education,Entertainment",,,
sixtieth.photos,available,72,1%,8,Mathematics,,,
accusative.photos,available,72,0%,10,"Humanities,Law",,,
engrossed.photos,available,72,1%,9,"Entertainment,Media,Technology",,,
ninetieth.photos,available,72,1%,9,Mathematics,,,
ternary.photos,available,72,7%,7,Mathematics,,,
abloom.photos,available,72,5%,6,Agriculture,,,
adaptative.photos,available,72,1%,10,"Business,Education,Technology",,,
adjunctive.photos,available,72,1%,10,"Healthcare,Manufacturing,Technology",,,
adjectival.photos,available,72,1%,10,Education,,,
seventieth.photos,available,72,1%,10,Mathematics,,,
improvize.photos,available,72,1%,9,Entertainment,,,
liv.photos,available,72,27%,3,Mathematics,,,
trinity.photos,available,72,18%,7,Religion,,,
ablaze.photos,available,72,6%,6,Entertainment,,,
existent.photos,available,72,3%,8,"Mathematics,Science",,,
aching.photos,available,72,4%,6,Healthcare,,,
abreast.photos,available,72,2%,7,"Business,Technology",,,
accustomed.photos,available,72,1%,10,"Business,Education,Humanities",,,
trey.photos,available,72,14%,4,Sports,,,
absolutist.photos,available,72,1%,10,"Humanities,Law,Politics",,,
eightieth.photos,available,72,1%,9,Mathematics,,,
tiptop.photos,available,70,24%,6,Fashion,,,
offhand.photos,available,70,2%,7,Entertainment,,,
lowdown.photos,available,70,6%,8,"Entertainment,Media",,,
stillborn.photos,available,70,2%,9,"Medicine,Science",,,
recumbent.photos,available,70,2%,9,"Healthcare,Medicine,Science",,,
abulic.photos,available,70,1%,6,Medicine,,,
consequent.photos,available,70,3%,10,"Business,Education,General,Technology",,,
abradant.photos,available,70,1%,8,"Construction,Manufacturing",,,
accumbent.photos,available,70,1%,9,"Healthcare,Medicine,Science",,,
acuminate.photos,available,70,1%,9,"Engineering,Medicine,Science",,,
gymnastic.photos,available,70,3%,9,"Entertainment,Sports",,,
absorbing.photos,available,70,3%,9,"Entertainment,Media,Technology",,,
admired.photos,available,70,5%,7,"Business,Education,Healthcare",,,
adjusted.photos,available,70,5%,8,"Manufacturing,Retail,Technology",,,
miserable.photos,available,70,4%,9,Humanities,,,
adored.photos,available,70,6%,6,"Entertainment,Fashion,Retail",,,
adamantine.photos,available,70,4%,10,Religion,,,
skillful.photos,available,70,9%,8,"Education,Health and Fitness,Sports",,,
practiced.photos,available,70,3%,9,"Education,Health and Fitness,Sports",,,
octonary.photos,available,68,1%,8,Mathematics,,,
aculeate.photos,available,68,1%,8,"Engineering,Medicine,Science",,,
achaean.photos,available,68,2%,7,Humanities,,,
vindicated.photos,available,68,2%,10,"Humanities,Law,Politics",,,
ennead.photos,available,68,5%,6,Mathematics,,,
septenary.photos,available,68,1%,9,Mathematics,,,
licensed.photos,available,68,5%,8,"Business,Healthcare,Insurance",,,
licenced.photos,available,68,2%,8,"Business,Healthcare,Insurance",,,
aberdonian.photos,available,68,1%,10,Geography,,,
decorated.photos,available,68,3%,9,"Entertainment,Fashion,Retail",,,
disciple.photos,available,68,14%,8,"Education,Religion",,,
accredited.photos,available,68,9%,10,"Business,Education,Healthcare",,,
sevener.photos,available,68,1%,7,Mathematics,,,
abkhas.photos,available,68,0%,6,Geography,,,
scurvy.photos,available,68,3%,6,Humanities,,,
ablative.photos,available,68,3%,8,Science,,,
overseas.photos,available,68,12%,8,"Hospitality,Travel",,,
achaian.photos,available,68,2%,7,Humanities,,,
stygian.photos,available,68,5%,7,Humanities,,,
acerate.photos,available,68,1%,7,Science,,,
threesome.photos,available,68,5%,9,Entertainment,,,
fiftieth.photos,available,68,0%,8,Mathematics,,,
thirtieth.photos,available,68,1%,9,Mathematics,,,
activating.photos,available,68,3%,10,"Healthcare,Manufacturing,Technology",,,
aroused.photos,available,68,3%,7,"Entertainment,Health and Fitness",,,
abnaki.photos,available,68,1%,6,Geography,,,
foursome.photos,available,68,4%,8,Sports,,,
fortieth.photos,available,68,0%,8,Mathematics,,,
abducent.photos,available,68,0%,8,Medicine,,,
ane.photos,available,68,12%,3,Mathematics,,,
xiii.photos,available,66,9%,4,Mathematics,,,
century.photos,available,66,17%,7,Education,,,
xxii.photos,available,66,6%,4,Mathematics,,,
adorned.photos,available,66,5%,7,"Entertainment,Fashion,Retail",,,
xvii.photos,available,66,5%,4,Mathematics,,,
acervate.photos,available,66,1%,8,Science,,,
tenner.photos,available,66,5%,6,Finance,,,
acappella.photos,available,66,6%,10,Entertainment,,,
accessary.photos,available,66,1%,9,"Business,Law,Technology",,,
xxi.photos,available,66,10%,3,Mathematics,,,
six.photos,available,66,26%,3,Mathematics,,,
xxv.photos,available,66,6%,3,Mathematics,,,
according.photos,available,66,3%,9,"Business,Education,Technology",,,
thirty.photos,available,66,8%,6,Mathematics,,,
teenager.photos,available,66,4%,8,"Education,Entertainment,Healthcare",,,
xii.photos,available,66,10%,3,Mathematics,,,
xvi.photos,available,66,5%,3,Mathematics,,,
exonerated.photos,available,66,2%,10,"Humanities,Law,Politics",,,
maven.photos,resell,66,30%,5,"Entertainment,Fashion,Technology",04/04/2024 19:06,04/04/2026 19:06,"GoDaddy.com, LLC"
deuce.photos,available,66,9%,5,Sports,,,
modish.photos,available,66,5%,6,Fashion,,,
abstinent.photos,available,66,1%,9,"Health and Fitness,Religion",,,
xviii.photos,available,66,5%,5,Mathematics,,,
xxvi.photos,available,66,3%,4,Mathematics,,,
performing.photos,available,66,6%,10,Entertainment,,,
clv.photos,available,66,10%,3,Mathematics,,,
buzzing.photos,available,66,7%,7,"Entertainment,Media,Technology",,,
adopted.photos,available,66,4%,7,"Education,Healthcare",,,
sextet.photos,available,66,1%,6,Entertainment,,,
onec.photos,available,66,6%,5,Mathematics,,,
ninety.photos,available,66,11%,6,Mathematics,,,
fifty.photos,available,66,12%,5,Mathematics,,,
acrobatic.photos,available,66,4%,9,"Entertainment,Sports",,,
rising.photos,available,64,18%,6,"Construction,Manufacturing,Real Estate",,,
astringent.photos,available,64,1%,10,"Healthcare,Pharmaceuticals",,,
nondrinker.photos,available,64,1%,10,"Health and Fitness,Religion",,,
aflame.photos,available,64,3%,6,Entertainment,,,
acentric.photos,available,64,2%,8,Science,,,
accordant.photos,available,64,3%,9,"Arts,Entertainment",,,
adagio.photos,available,64,14%,6,Entertainment,,,
absolved.photos,available,64,1%,8,"Humanities,Law,Religion",,,
scatty.photos,available,64,1%,6,"Arts,Entertainment,Media",,,
deviant.photos,available,64,12%,7,"Medicine,Science",,,
ccc.photos,available,64,38%,3,Mathematics,,,
pungent.photos,available,62,1%,7,Food and Beverage,,,
abo.photos,available,62,15%,3,Science,,,
fortyfour.photos,available,62,6%,10,Mathematics,,,
accusing.photos,available,62,1%,8,Law,,,
twodozen.photos,available,62,1%,9,Mathematics,,,
wrapped.photos,available,62,13%,7,"Fashion,Hospitality,Retail",,,
nail.photos,available,62,16%,4,"Construction,Fashion,General,Retail",,,
sixteenth.photos,available,62,1%,9,Mathematics,,,
quartet.photos,available,62,7%,7,"Arts,Entertainment",,,
accrued.photos,available,62,2%,7,"Banking,Finance,Insurance",,,
longdozen.photos,available,62,2%,10,Mathematics,,,
orso.photos,available,62,9%,5,"Business,Media,Technology",,,
playacting.photos,available,62,1%,10,Entertainment,,,
roughly.photos,available,62,3%,7,"Business,Media,Technology",,,
exculpated.photos,available,62,1%,10,"Humanities,Law,Politics",,,
adoptive.photos,available,62,1%,8,"Education,Healthcare",,,
aborigine.photos,available,62,1%,9,Humanities,,,
activistic.photos,available,62,1%,10,"Humanities,Politics",,,
acidic.photos,available,62,5%,6,"Food and Beverage,Science",,,
chiliad.photos,available,62,2%,7,Mathematics,,,
activation.photos,available,62,16%,10,"Healthcare,Manufacturing,Technology",,,
cumulative.photos,available,62,2%,10,"Banking,Finance,Insurance",,,
adjuvant.photos,available,62,5%,8,"Healthcare,Manufacturing,Technology",,,
eighteenth.photos,available,62,1%,10,Mathematics,,,
eleventh.photos,available,62,5%,8,Mathematics,,,
admissible.photos,available,62,1%,10,"Education,Healthcare,Law",,,
aufait.photos,available,62,3%,7,"Fashion,Media",,,
ensuant.photos,available,62,1%,7,"Healthcare,Insurance,Transportation",,,
thou.photos,available,60,7%,4,Mathematics,,,
tertiary.photos,available,60,4%,8,Education,,,
clxxv.photos,available,60,1%,5,Mathematics,,,
clx.photos,available,60,10%,3,Mathematics,,,
xcl.photos,available,60,5%,3,Mathematics,,,
eightysix.photos,available,60,7%,10,Mathematics,,,
cxl.photos,available,60,7%,3,Mathematics,,,
cautionary.photos,available,60,1%,10,"Business,Education,Healthcare",,,
aboveboard.photos,available,60,5%,10,"Business,Law",,,
annexal.photos,available,60,1%,7,"Agriculture,Manufacturing,Retail",,,
abashed.photos,available,60,1%,7,Humanities,,,
cxlv.photos,available,60,2%,4,Mathematics,,,
cxxxv.photos,available,60,2%,5,Mathematics,,,
cxxx.photos,available,60,4%,4,Mathematics,,,
idolized.photos,available,60,3%,8,"Entertainment,Fashion,Retail",,,
adnexal.photos,available,60,1%,7,"Agriculture,Manufacturing,Retail",,,
clxx.photos,available,60,3%,4,Mathematics,,,
cxx.photos,available,60,10%,3,Mathematics,,,
idolised.photos,available,60,1%,8,"Entertainment,Fashion,Retail",,,
cxv.photos,available,60,4%,3,Mathematics,,,
clxxx.photos,available,60,1%,5,Mathematics,,,
octet.photos,available,60,12%,5,Arts,,,
acceptive.photos,available,60,1%,9,"Education,Healthcare",,,
abstemious.photos,available,60,0%,10,"Food and Beverage,Health and Fitness,Hospitality",,,
paunchy.photos,available,60,0%,7,"Health and Fitness,Medicine",,,
cxxv.photos,available,60,1%,4,Mathematics,,,
clxv.photos,available,60,1%,4,Mathematics,,,
abstainer.photos,available,60,0%,9,"Health and Fitness,Religion",,,
adnate.photos,available,60,1%,6,"Agriculture,Manufacturing,Retail",,,
sixty.photos,available,60,13%,5,Mathematics,,,
tercet.photos,available,59,2%,6,"Arts,Entertainment,Media",,,
accretive.photos,available,58,6%,9,"Banking,Finance,Insurance",,,
fourth.photos,available,58,13%,6,Mathematics,,,
sixer.photos,available,58,5%,5,Sports,,,
seventy.photos,available,58,7%,7,Mathematics,,,
actuarial.photos,available,58,8%,9,"Finance,Insurance,Mathematics",,,
aucourant.photos,available,58,3%,10,"Fashion,Media",,,
acyclic.photos,available,58,4%,7,"Engineering,Mathematics,Science",,,
accoutred.photos,available,58,1%,9,"Fashion,Manufacturing,Retail",,,
abused.photos,available,58,5%,6,"Healthcare,Law",,,
niner.photos,available,58,5%,5,Mathematics,,,
octad.photos,available,58,5%,5,Mathematics,,,
centesimal.photos,available,58,1%,10,Mathematics,,,
abuzz.photos,available,58,5%,5,"Entertainment,Media,Technology",,,
adjustive.photos,available,58,1%,9,"Manufacturing,Retail,Technology",,,
pentad.photos,available,58,2%,6,Mathematics,,,
lxxviii.photos,available,58,1%,7,Mathematics,,,
quintet.photos,available,58,8%,7,"Arts,Entertainment",,,
tetrad.photos,available,58,5%,6,Mathematics,,,
eighter.photos,available,58,2%,7,Mathematics,,,
heptad.photos,available,58,1%,6,Mathematics,,,
acetic.photos,available,58,1%,6,"Food and Beverage,Science",,,
addible.photos,available,58,2%,7,"Engineering,Mathematics,Science",,,
closeto.photos,available,58,3%,8,"Business,Media,Technology",,,
enwrapped.photos,available,58,0%,9,"Entertainment,Fashion,Media",,,
hexad.photos,available,58,4%,5,Mathematics,,,
abridged.photos,available,58,4%,8,Media,,,
cypher.photos,available,58,29%,6,Mathematics,,,
alacarte.photos,available,58,11%,10,Food and Beverage,,,
fourscore.photos,available,58,4%,9,Mathematics,,,
offhanded.photos,available,58,1%,9,Entertainment,,,
justabout.photos,available,58,3%,10,"Business,Media,Technology",,,
sextuplet.photos,available,58,1%,9,Healthcare,,,
sixtyone.photos,available,58,3%,9,Mathematics,,,
addressed.photos,available,58,3%,9,"Business,Technology,Telecommunications",,,
twelfth.photos,available,58,2%,7,Mathematics,,,
adient.photos,available,58,4%,6,"Medicine,Science",,,
lxxx.photos,available,58,2%,4,Mathematics,,,
ache.photos,available,58,7%,4,Healthcare,,,
accoutered.photos,available,56,0%,10,"Fashion,Manufacturing,Retail",,,
xxiv.photos,available,56,5%,4,Mathematics,,,
xxxvii.photos,available,56,2%,6,Mathematics,,,
fiftysix.photos,available,56,4%,9,Mathematics,,,
admittible.photos,available,56,1%,10,"Education,Healthcare,Hospitality",,,
admissive.photos,available,56,1%,9,"Education,Healthcare,Hospitality",,,
xlviii.photos,available,56,1%,6,Mathematics,,,
xxxii.photos,available,56,1%,5,Mathematics,,,
xxvii.photos,available,56,3%,5,Mathematics,,,
abeyant.photos,available,56,1%,7,"Business,Law",,,
thirtysix.photos,available,56,5%,10,Mathematics,,,
fiftynine.photos,available,56,4%,10,Mathematics,,,
xxix.photos,available,56,4%,4,Mathematics,,,
xxviii.photos,available,56,1%,6,Mathematics,,,
maledict.photos,available,56,1%,8,Religion,,,
xlvi.photos,available,56,3%,4,Mathematics,,,
fortynine.photos,available,56,3%,10,Mathematics,,,
xxxi.photos,available,56,9%,4,Mathematics,,,
xxxiii.photos,available,56,2%,6,Mathematics,,,
xxxv.photos,available,56,4%,4,Mathematics,,,
lii.photos,available,56,7%,3,Mathematics,,,
xxiii.photos,available,56,5%,5,Mathematics,,,
xlvii.photos,available,56,2%,5,Mathematics,,,
xlii.photos,available,56,5%,4,Mathematics,,,
triad.photos,available,56,15%,5,Arts,,,
ilx.photos,available,56,5%,3,Mathematics,,,
xxxiv.photos,available,56,1%,5,Mathematics,,,
appressed.photos,available,56,0%,9,"Agriculture,Manufacturing,Retail",,,
fiftyone.photos,available,56,7%,9,Mathematics,,,
xxxviii.photos,available,56,1%,7,Mathematics,,,
fortysix.photos,available,56,3%,9,Mathematics,,,
fiftyfive.photos,available,56,7%,10,Mathematics,,,
xlv.photos,available,56,6%,3,Mathematics,,,
xli.photos,available,56,5%,3,Mathematics,,,
abdominous.photos,available,56,0%,10,"Health and Fitness,Medicine",,,
terzetto.photos,available,56,3%,8,Arts,,,
aone.photos,available,56,15%,5,Food and Beverage,,,
thirtytwo.photos,available,56,5%,10,Mathematics,,,
halfdozen.photos,available,56,1%,10,Mathematics,,,
potbellied.photos,available,56,0%,10,"Health and Fitness,Medicine",,,
xliii.photos,available,56,1%,5,Mathematics,,,
thirtyone.photos,available,56,5%,10,Mathematics,,,
fortytwo.photos,available,56,17%,9,Mathematics,,,
addled.photos,available,56,2%,6,Entertainment,,,
xxxvi.photos,available,56,1%,5,Mathematics,,,
fortyone.photos,available,56,4%,9,Mathematics,,,
xliv.photos,available,56,2%,4,Mathematics,,,
lviii.photos,available,56,1%,5,Mathematics,,,
lvii.photos,available,56,1%,4,Mathematics,,,
fiftyfour.photos,available,56,3%,10,Mathematics,,,
admittable.photos,available,56,1%,10,"Education,Healthcare,Hospitality",,,
liii.photos,available,56,4%,4,Mathematics,,,
scratchy.photos,available,54,3%,8,Fashion,,,
quaternion.photos,available,54,6%,10,Mathematics,,,
adaxial.photos,available,54,2%,7,Science,,,
quatern.photos,available,54,2%,7,Mathematics,,,
adjuratory.photos,available,54,0%,10,"Law,Politics,Religion",,,
quadruplet.photos,available,54,1%,10,"Healthcare,Medicine,Science",,,
sise.photos,available,54,5%,4,Mathematics,,,
achy.photos,available,54,3%,4,Healthcare,,,
viii.photos,available,54,6%,4,Mathematics,,,
deserted.photos,available,54,3%,8,"Hospitality,Real Estate",,,
abatable.photos,available,54,1%,8,Law,,,
monitory.photos,available,54,3%,8,"Business,Education,Healthcare",,,
deuceace.photos,available,54,2%,9,Sports,,,
abatic.photos,available,54,1%,6,Science,,,
abient.photos,available,54,1%,6,Science,,,
accursed.photos,available,54,3%,8,"Entertainment,Media,Religion",,,
abhorrent.photos,available,54,1%,9,Humanities,,,
acoustical.photos,available,54,4%,10,Science,,,
ternion.photos,available,54,3%,7,Mathematics,,,
unnatural.photos,available,54,4%,9,"Medicine,Science",,,
abducens.photos,available,54,1%,8,Medicine,,,
adductive.photos,available,54,0%,9,"Engineering,Mathematics,Science",,,
adducting.photos,available,54,1%,9,"Engineering,Mathematics,Science",,,
vii.photos,available,54,13%,3,Mathematics,,,
actuated.photos,available,54,2%,8,"Automotive,Manufacturing,Technology",,,
fortyfive.photos,available,54,4%,10,Mathematics,,,
adpressed.photos,available,54,0%,9,"Agriculture,Manufacturing,Retail",,,
twoscore.photos,available,54,2%,8,Mathematics,,,
admonitory.photos,available,54,0%,10,"Business,Education,Healthcare",,,
accentual.photos,available,54,3%,9,"Arts,Entertainment",,,
abasic.photos,available,54,1%,6,Science,,,
quaternity.photos,available,54,4%,10,Mathematics,,,
aboral.photos,available,54,2%,6,Science,,,
abaxial.photos,available,54,1%,7,Science,,,
threescore.photos,available,54,1%,10,Mathematics,,,
iii.photos,available,54,24%,3,Mathematics,,,
adducent.photos,available,54,1%,8,"Engineering,Mathematics,Science",,,
quintuplet.photos,available,54,1%,10,"Healthcare,Medicine,Science",,,
achromatic.photos,available,54,4%,10,Science,,,
sestet.photos,available,53,1%,6,Arts,,,
xxx.photos,expiring,53,30%,3,"Arts,Entertainment,Media",13/09/2015 16:00,13/09/2025 16:00,1API GmbH
septet.photos,available,53,1%,6,General,,,
ninetytwo.photos,available,52,4%,10,Mathematics,,,
lxiii.photos,available,52,2%,5,Mathematics,,,
chagrined.photos,available,52,1%,9,Humanities,,,
detestable.photos,available,52,1%,10,Humanities,,,
sixtyfive.photos,available,52,3%,10,Mathematics,,,
lxvii.photos,available,52,1%,5,Mathematics,,,
sixtyfour.photos,available,52,3%,10,Mathematics,,,
xcv.photos,available,52,7%,3,Mathematics,,,
lxii.photos,available,52,1%,4,Mathematics,,,
xcviii.photos,available,52,1%,6,Mathematics,,,
xciii.photos,available,52,1%,5,Mathematics,,,
uphill.photos,available,52,7%,6,"Sports,Transportation,Travel",,,
lxxii.photos,available,52,1%,5,Mathematics,,,
lxi.photos,available,52,5%,3,Mathematics,,,
lxxxiv.photos,available,52,1%,6,Mathematics,,,
abstruse.photos,available,52,5%,8,"Humanities,Mathematics,Science",,,
adenoidal.photos,available,52,1%,9,"Health and Fitness,Medicine,Science",,,
littlejoe.photos,available,52,2%,10,"Entertainment,Media",,,
ixc.photos,available,52,5%,3,Mathematics,,,
ixl.photos,available,52,9%,3,Mathematics,,,
eightyone.photos,available,52,3%,10,Mathematics,,,
repulsive.photos,available,52,1%,9,Humanities,,,
lxxi.photos,available,52,1%,4,Mathematics,,,
abysmal.photos,available,52,4%,7,"Arts,Entertainment,Media",,,
xci.photos,available,52,4%,3,Mathematics,,,
ninetysix.photos,available,52,4%,10,Mathematics,,,
lxiv.photos,available,52,3%,4,Mathematics,,,
tierce.photos,available,52,3%,6,General,,,
aboulic.photos,available,52,1%,7,Medicine,,,
lxxxiii.photos,available,52,1%,7,Mathematics,,,
lxxvi.photos,available,52,1%,5,Mathematics,,,
sixtysix.photos,available,52,4%,9,Mathematics,,,
lxxxi.photos,available,52,1%,5,Mathematics,,,
abominable.photos,available,52,2%,10,"Entertainment,Humanities",,,
lxxxv.photos,available,52,1%,5,Mathematics,,,
xcvii.photos,available,52,1%,5,Mathematics,,,
sixtytwo.photos,available,52,3%,9,Mathematics,,,
ablated.photos,available,52,1%,7,Science,,,
lxvi.photos,available,52,3%,4,Mathematics,,,
repugnant.photos,available,52,1%,9,Humanities,,,
lxxv.photos,available,52,1%,4,Mathematics,,,
lxv.photos,available,52,5%,3,Mathematics,,,
lxxvii.photos,available,52,2%,6,Mathematics,,,
lxxiii.photos,available,52,1%,6,Mathematics,,,
eightytwo.photos,available,52,4%,10,Mathematics,,,
lxxxvii.photos,available,52,1%,7,Mathematics,,,
xcvi.photos,available,52,2%,4,Mathematics,,,
ninetyone.photos,available,52,5%,10,Mathematics,,,
xciv.photos,available,52,2%,4,Mathematics,,,
decumbent.photos,available,52,1%,9,"Healthcare,Medicine,Science",,,
lxxxvi.photos,available,52,1%,6,Mathematics,,,
lxxxii.photos,available,52,1%,6,Mathematics,,,
lxxiv.photos,available,52,1%,5,Mathematics,,,
xcii.photos,available,52,2%,4,Mathematics,,,
abusive.photos,available,52,3%,7,"Healthcare,Law",,,
odious.photos,available,52,2%,6,"Entertainment,Humanities",,,
lxviii.photos,available,52,1%,6,Mathematics,,,
acetous.photos,available,50,1%,7,Science,,,
ogdoad.photos,available,50,1%,6,Mathematics,,,
cinque.photos,available,50,7%,6,Mathematics,,,
abomasal.photos,available,50,0%,8,Agriculture,,,
quint.photos,available,50,13%,5,"Arts,Entertainment",,,
broached.photos,available,50,0%,8,Food and Beverage,,,
abdicable.photos,available,50,0%,9,Law,,,
triplet.photos,available,50,8%,7,Science,,,
vinegary.photos,available,50,1%,8,Food and Beverage,,,
acaudal.photos,available,50,1%,7,"Agriculture,Science",,,
gillless.photos,available,50,0%,9,Science,,,
acellular.photos,available,50,1%,9,Science,,,
acerose.photos,available,50,1%,7,Science,,,
adhominem.photos,available,50,2%,10,"Humanities,Law,Politics",,,
lxx.photos,available,50,5%,3,Mathematics,,,
needlelike.photos,available,50,0%,10,"Engineering,Medicine,Science",,,
acetose.photos,available,50,1%,7,Science,,,
abranchial.photos,available,50,0%,10,Science,,,
aculeated.photos,available,50,0%,9,"Engineering,Medicine,Science",,,
abbatial.photos,available,50,0%,8,Religion,,,
aborticide.photos,available,50,0%,10,Medicine,,,
adactylous.photos,available,50,0%,10,Science,,,
acapnotic.photos,available,50,0%,9,"Healthcare,Medicine,Science",,,
acerbic.photos,available,50,2%,7,"Arts,Humanities,Media",,,
scummy.photos,available,50,1%,6,Humanities,,,
spinous.photos,available,50,1%,7,"Agriculture,Science",,,
acquitted.photos,available,50,1%,9,Law,,,
acerb.photos,available,50,2%,5,Science,,,
abducting.photos,available,50,0%,9,Medicine,,,
abactinal.photos,available,50,0%,9,Science,,,
acapnic.photos,available,50,0%,7,"Healthcare,Medicine,Science",,,
trine.photos,available,50,11%,5,"General,Religion",,,
abyssal.photos,available,48,12%,7,"Arts,Entertainment,Media",,,
notguilty.photos,available,48,5%,10,Law,,,
execrable.photos,available,48,0%,9,"Entertainment,Humanities",,,
ilxx.photos,available,48,1%,4,Mathematics,,,
abstracted.photos,available,48,5%,10,"Arts,Humanities,Science",,,
ilxxx.photos,available,48,1%,5,Mathematics,,,
apriori.photos,available,48,13%,8,Mathematics,,,
lxxxviii.photos,available,48,1%,8,Mathematics,,,
acheronian.photos,available,46,1%,10,Humanities,,,
acapnial.photos,available,46,0%,8,"Healthcare,Medicine,Science",,,
acanthotic.photos,available,46,0%,10,"Agriculture,Science",,,
theabsurd.photos,available,46,1%,10,"Arts,Entertainment,Media",,,
stripling.photos,available,46,2%,9,"Education,Entertainment,Healthcare",,,
acetabular.photos,available,46,1%,10,Science,,,
achenial.photos,available,46,1%,8,Science,,,
achromous.photos,available,46,1%,9,Science,,,
acanthous.photos,available,46,0%,9,"Agriculture,Science",,,
vinegarish.photos,available,46,1%,10,Food and Beverage,,,
acetonic.photos,available,46,1%,8,Science,,,
acetylic.photos,available,46,1%,8,Science,,,
acetylenic.photos,available,46,1%,10,Science,,,
acaudate.photos,available,46,1%,8,"Agriculture,Science",,,
quaternary.photos,available,46,3%,10,Mathematics,,,
stemless.photos,available,46,2%,8,"Agriculture,Science",,,
acanthoid.photos,available,46,1%,9,"Agriculture,Science",,,
acicular.photos,available,46,2%,8,Science,,,
acephalous.photos,available,46,1%,10,Science,,,
cotyloid.photos,available,46,1%,8,Science,,,
acarpelous.photos,available,46,0%,10,"Agriculture,Science",,,
achromic.photos,available,46,2%,8,Science,,,
acarpous.photos,available,46,0%,8,"Agriculture,Science",,,
accusatory.photos,available,44,1%,10,Law,,,
acherontic.photos,available,44,1%,10,Humanities,,,
cotyloidal.photos,available,44,1%,10,Science,,,
abscessed.photos,available,41,0%,9,Healthcare,,,
accurst.photos,available,40,1%,7,Religion,,,
scurrilous.photos,available,40,1%,10,"Entertainment,Media,Politics",,,
accusive.photos,available,40,1%,8,Law,,,